Ethnic group ,Sex,Age group (years),Estimated number of bacteraemia infections,Estimated number of resistant bacteraemia infections,Percentage of episodes reported resistant
White,Female,1 to 4,163.6,13.5,8.3
White,Female,10 to 14,92.4,13.9,15
White,Female,15 to 44,2969.5,470.7,15.9
White,Female,45 to 64,6338.4,1180.8,18.6
White,Female,5 to 9,118.7,14.6,12.3
White,Female,65 to 74,5908,1194.2,20.2
White,Female,75 and over,17753.3,3910.4,22
White,Female,less than 1,319.5,26.3,8.2
White,Male,1 to 4,247,24.7,10
White,Male,10 to 14,175.4,14.1,8
White,Male,15 to 44,2278.4,382,16.8
White,Male,45 to 64,8317.9,1681.4,20.2
White,Male,5 to 9,199,16.9,8.5
White,Male,65 to 74,8785,1770.7,20.2
White,Male,75 and over,23495.3,5135,21.9
White,Male,less than 1,440.5,50.6,11.5
White,Unknown,15 to 44,0,0,0
White,Unknown,45 to 64,0,0,0
White,Unknown,5 to 9,0,0,0
White,Unknown,65 to 74,2.2,0,0
White,Unknown,75 and over,2.2,0,0
White,Unknown,Unknown  ,0,0,0
White,Unknown,less than 1,0,0,0
Asian or Asian British,Female,1 to 4,47.2,5.9,12.6
Asian or Asian British,Female,10 to 14,36.3,10.6,29.1
Asian or Asian British,Female,15 to 44,620.6,223.7,36
Asian or Asian British,Female,45 to 64,635.3,302.7,47.6
Asian or Asian British,Female,5 to 9,41.8,7.1,17.1
Asian or Asian British,Female,65 to 74,544.6,249,45.7
Asian or Asian British,Female,75 and over,820.6,399.5,48.7
Asian or Asian British,Female,less than 1,72.6,23.7,32.7
Asian or Asian British,Male,1 to 4,68.2,12.7,18.7
Asian or Asian British,Male,10 to 14,47.4,5.3,11.2
Asian or Asian British,Male,15 to 44,406.4,127.6,31.4
Asian or Asian British,Male,45 to 64,785.4,300.5,38.3
Asian or Asian British,Male,5 to 9,47.4,10.4,22
Asian or Asian British,Male,65 to 74,740.1,326.4,44.1
Asian or Asian British,Male,75 and over,950.2,439.2,46.2
Asian or Asian British,Male,less than 1,119.7,36.9,30.8
Asian or Asian British,Unknown,15 to 44,0,0,0
Asian or Asian British,Unknown,45 to 64,0,0,0
Asian or Asian British,Unknown,5 to 9,0,0,0
Asian or Asian British,Unknown,65 to 74,0,0,0
Asian or Asian British,Unknown,75 and over,0,0,0
Asian or Asian British,Unknown,Unknown  ,0,0,0
Asian or Asian British,Unknown,less than 1,0,0,0
"Black, African, Caribbean or Black British",Female,1 to 4,31.9,13.4,42
"Black, African, Caribbean or Black British",Female,10 to 14,23.1,2.2,9.5
"Black, African, Caribbean or Black British",Female,15 to 44,426.5,127.7,29.9
"Black, African, Caribbean or Black British",Female,45 to 64,512,138,26.9
"Black, African, Caribbean or Black British",Female,5 to 9,22,3.2,14.6
"Black, African, Caribbean or Black British",Female,65 to 74,207.1,45.7,22.1
"Black, African, Caribbean or Black British",Female,75 and over,278.2,85.7,30.8
"Black, African, Caribbean or Black British",Female,less than 1,42.9,10.7,24.8
"Black, African, Caribbean or Black British",Male,1 to 4,36.3,2.6,7.3
"Black, African, Caribbean or Black British",Male,10 to 14,15.5,5.7,36.6
"Black, African, Caribbean or Black British",Male,15 to 44,206.7,48.9,23.7
"Black, African, Caribbean or Black British",Male,45 to 64,532.2,155.2,29.2
"Black, African, Caribbean or Black British",Male,5 to 9,25.3,5.7,22.4
"Black, African, Caribbean or Black British",Male,65 to 74,354.3,92,26
"Black, African, Caribbean or Black British",Male,75 and over,375.9,141.6,37.7
"Black, African, Caribbean or Black British",Male,less than 1,69.1,21.1,30.6
"Black, African, Caribbean or Black British",Unknown,15 to 44,0,0,0
"Black, African, Caribbean or Black British",Unknown,45 to 64,0,0,0
"Black, African, Caribbean or Black British",Unknown,5 to 9,0,0,0
"Black, African, Caribbean or Black British",Unknown,65 to 74,0,0,0
"Black, African, Caribbean or Black British",Unknown,75 and over,0,0,0
"Black, African, Caribbean or Black British",Unknown,Unknown  ,0,0,0
"Black, African, Caribbean or Black British",Unknown,less than 1,0,0,0
Mixed or Multiple ethnic groups,Female,1 to 4,17.6,2.2,12.5
Mixed or Multiple ethnic groups,Female,10 to 14,4.4,1.1,24.7
Mixed or Multiple ethnic groups,Female,15 to 44,114.1,30.9,27.1
Mixed or Multiple ethnic groups,Female,45 to 64,97.6,25.2,25.8
Mixed or Multiple ethnic groups,Female,5 to 9,9.9,0,0
Mixed or Multiple ethnic groups,Female,65 to 74,50.4,10.7,21.2
Mixed or Multiple ethnic groups,Female,75 and over,55.9,24,42.9
Mixed or Multiple ethnic groups,Female,less than 1,26.4,2.2,8.3
Mixed or Multiple ethnic groups,Male,1 to 4,18.7,5.5,29.6
Mixed or Multiple ethnic groups,Male,10 to 14,10,1.3,13
Mixed or Multiple ethnic groups,Male,15 to 44,61.7,11.7,19
Mixed or Multiple ethnic groups,Male,45 to 64,95.5,23.3,24.4
Mixed or Multiple ethnic groups,Male,5 to 9,13.2,0,0
Mixed or Multiple ethnic groups,Male,65 to 74,60.3,14.6,24.2
Mixed or Multiple ethnic groups,Male,75 and over,66.8,22.3,33.3
Mixed or Multiple ethnic groups,Male,less than 1,37.3,2.2,5.9
Mixed or Multiple ethnic groups,Unknown,15 to 44,0,0,0
Mixed or Multiple ethnic groups,Unknown,45 to 64,0,0,0
Mixed or Multiple ethnic groups,Unknown,5 to 9,0,0,0
Mixed or Multiple ethnic groups,Unknown,65 to 74,0,0,0
Mixed or Multiple ethnic groups,Unknown,75 and over,0,0,0
Mixed or Multiple ethnic groups,Unknown,Unknown  ,0,0,0
Mixed or Multiple ethnic groups,Unknown,less than 1,0,0,0
Any other ethnic group,Female,1 to 4,8.8,3.9,43.8
Any other ethnic group,Female,10 to 14,6.6,2.2,33.3
Any other ethnic group,Female,15 to 44,60.3,11.8,19.5
Any other ethnic group,Female,45 to 64,74.6,17.2,23
Any other ethnic group,Female,5 to 9,7.7,0,0
Any other ethnic group,Female,65 to 74,36.2,15.2,42.1
Any other ethnic group,Female,75 and over,50.4,18.2,36.1
Any other ethnic group,Female,less than 1,22,9.1,41.5
Any other ethnic group,Male,1 to 4,7.7,1.1,14.2
Any other ethnic group,Male,10 to 14,5.5,0,0
Any other ethnic group,Male,15 to 44,58.2,8.7,14.9
Any other ethnic group,Male,45 to 64,94.4,35.8,37.9
Any other ethnic group,Male,5 to 9,3.3,1.1,33.3
Any other ethnic group,Male,65 to 74,57.1,32.9,57.6
Any other ethnic group,Male,75 and over,76.7,22.9,29.8
Any other ethnic group,Male,less than 1,15.4,2.2,14.2
Any other ethnic group,Unknown,15 to 44,0,0,0
Any other ethnic group,Unknown,45 to 64,0,0,0
Any other ethnic group,Unknown,5 to 9,0,0,0
Any other ethnic group,Unknown,65 to 74,0,0,0
Any other ethnic group,Unknown,75 and over,0,0,0
Any other ethnic group,Unknown,Unknown  ,0,0,0
Any other ethnic group,Unknown,less than 1,0,0,0